{
    "0": {
        "precision": 0.9999204715652602,
        "recall": 0.9999524348498092,
        "f1-score": 0.9999364529521056,
        "support": 3910426.0
    },
    "1": {
        "precision": 0.9999828799902882,
        "recall": 0.9999937744740987,
        "f1-score": 0.9999883272025207,
        "support": 1285032.0
    },
    "2": {
        "precision": 1.0,
        "recall": 1.0,
        "f1-score": 1.0,
        "support": 115.0
    },
    "3": {
        "precision": 0.999803343166175,
        "recall": 0.9996367250584177,
        "f1-score": 0.9997200271699543,
        "support": 834079.0
    },
    "accuracy": 0.9999175740158802,
    "macro avg": {
        "precision": 0.9999266736804309,
        "recall": 0.9998957335955814,
        "f1-score": 0.9999112018311451,
        "support": 6029652.0
    },
    "weighted avg": {
        "precision": 0.999917571170846,
        "recall": 0.9999175740158802,
        "f1-score": 0.9999175714610544,
        "support": 6029652.0
    }
}