{
    "accuracy": 0.9999175740158802,
    "precision": 0.999917571170846,
    "recall": 0.9999175740158802,
    "f1_score": 0.9999175714610544,
    "roc_auc": 0.9999960889889693
}