{
    "classification_report": {
        "0": {
            "precision": 0.9999749981248593,
            "recall": 0.9999,
            "f1-score": 0.9999374976561621,
            "support": 40000.0
        },
        "1": {
            "precision": 1.0,
            "recall": 1.0,
            "f1-score": 1.0,
            "support": 40000.0
        },
        "2": {
            "precision": 1.0,
            "recall": 1.0,
            "f1-score": 1.0,
            "support": 114.0
        },
        "3": {
            "precision": 0.9999000074994375,
            "recall": 0.999975,
            "f1-score": 0.9999375023436621,
            "support": 40000.0
        },
        "accuracy": 0.9999583728790982,
        "macro avg": {
            "precision": 0.9999687514060742,
            "recall": 0.9999687500000001,
            "f1-score": 0.9999687499999561,
            "support": 120114.0
        },
        "weighted avg": {
            "precision": 0.9999583747520844,
            "recall": 0.9999583728790982,
            "f1-score": 0.9999583728790398,
            "support": 120114.0
        }
    },
    "metrics": {
        "accuracy": 0.9999583728790982,
        "precision_macro": 0.9999687514060742,
        "recall_macro": 0.9999687500000001,
        "f1_macro": 0.9999687499999561,
        "precision_weighted": 0.9999583747520844,
        "recall_weighted": 0.9999583728790982,
        "f1_weighted": 0.9999583728790398,
        "roc_auc_ovr_macro": 0.9999999820178123,
        "roc_auc_ovo_macro": 0.9999999879947916
    }
}