{
    "accuracy": 0.9998169443011433,
    "precision": 0.9998169651645725,
    "recall": 0.9998169443011433,
    "f1_score": 0.9998169443309122,
    "roc_auc": 0.9999998755090984
}