{
  "0": {
    "precision": 0.9999656613664839,
    "recall": 0.9992600407021607,
    "f1-score": 0.9996127265109828,
    "support": 1136549.0
  },
  "1": {
    "precision": 0.99477851318819,
    "recall": 0.9970479947403025,
    "f1-score": 0.9959119610437798,
    "support": 152100.0
  },
  "2": {
    "precision": 0.9434169278996866,
    "recall": 0.9991699867197875,
    "f1-score": 0.9704933892292809,
    "support": 6024.0
  },
  "3": {
    "precision": 0.9996537905605997,
    "recall": 0.9995672756540629,
    "f1-score": 0.9996105312353949,
    "support": 115547.0
  },
  "4": {
    "precision": 0.9992377488181764,
    "recall": 0.9999665435469194,
    "f1-score": 0.9996020133442585,
    "support": 149448.0
  },
  "5": {
    "precision": 1.0,
    "recall": 1.0,
    "f1-score": 1.0,
    "support": 5.0
  },
  "accuracy": 0.9991344339486546,
  "macro avg": {
    "precision": 0.989508773638856,
    "recall": 0.9991686402272055,
    "f1-score": 0.9942051035606161,
    "support": 1559673.0
  },
  "weighted avg": {
    "precision": 0.9991485442867137,
    "recall": 0.9991344339486546,
    "f1-score": 0.9991381692814685,
    "support": 1559673.0
  }
}