{
  "0": {
    "precision": 0.22418801161869553,
    "recall": 0.21225,
    "f1-score": 0.2180557339155002,
    "support": 4000.0
  },
  "1": {
    "precision": 0.3143580012650221,
    "recall": 0.2485,
    "f1-score": 0.27757609606255235,
    "support": 4000.0
  },
  "2": {
    "precision": 0.06347191367819739,
    "recall": 0.16611295681063123,
    "f1-score": 0.09184845005740529,
    "support": 1204.0
  },
  "3": {
    "precision": 0.23399162178336325,
    "recall": 0.09775,
    "f1-score": 0.13789455122553343,
    "support": 4000.0
  },
  "4": {
    "precision": 0.012812299807815503,
    "recall": 0.145985401459854,
    "f1-score": 0.023557126030624265,
    "support": 137.0
  },
  "5": {
    "precision": 0.0,
    "recall": 0.0,
    "f1-score": 0.0,
    "support": 2.0
  },
  "accuracy": 0.18391666042119464,
  "macro avg": {
    "precision": 0.14147030802551563,
    "recall": 0.1450997263784142,
    "f1-score": 0.12482199288193592,
    "support": 13343.0
  },
  "weighted avg": {
    "precision": 0.23745229766998002,
    "recall": 0.18391666042119464,
    "f1-score": 0.19845000261932513,
    "support": 13343.0
  }
}