{
  "0": {
    "precision": 0.30810448760884124,
    "recall": 0.23,
    "f1-score": 0.26338391067849987,
    "support": 4000.0
  },
  "1": {
    "precision": 0.22963537626066718,
    "recall": 0.148,
    "f1-score": 0.17999391912435392,
    "support": 4000.0
  },
  "2": {
    "precision": 0.08843329253365972,
    "recall": 0.23983402489626557,
    "f1-score": 0.12921976302257993,
    "support": 1205.0
  },
  "3": {
    "precision": 0.23728155339805826,
    "recall": 0.15275,
    "f1-score": 0.1858555133079848,
    "support": 4000.0
  },
  "4": {
    "precision": 0.01053740779768177,
    "recall": 0.145985401459854,
    "f1-score": 0.019656019656019656,
    "support": 137.0
  },
  "5": {
    "precision": 0.0,
    "recall": 0.0,
    "f1-score": 0.0,
    "support": 1.0
  },
  "accuracy": 0.18226785580454172,
  "macro avg": {
    "precision": 0.14566535293315136,
    "recall": 0.15276157105935328,
    "f1-score": 0.1296848542982397,
    "support": 13343.0
  },
  "weighted avg": {
    "precision": 0.24043254226497857,
    "recall": 0.18226785580454172,
    "f1-score": 0.20050483861039034,
    "support": 13343.0
  }
}