{
  "0": {
    "precision": 0.3366813981518682,
    "recall": 0.2095,
    "f1-score": 0.25828324857451074,
    "support": 4000.0
  },
  "1": {
    "precision": 0.23783573374854028,
    "recall": 0.15275,
    "f1-score": 0.18602527020855533,
    "support": 4000.0
  },
  "2": {
    "precision": 0.06023102310231023,
    "recall": 0.1817427385892116,
    "f1-score": 0.09047717413757488,
    "support": 1205.0
  },
  "3": {
    "precision": 0.4725868725868726,
    "recall": 0.306,
    "f1-score": 0.3714719271623672,
    "support": 4000.0
  },
  "4": {
    "precision": 0.017603911980440097,
    "recall": 0.26277372262773724,
    "f1-score": 0.03299725022914757,
    "support": 137.0
  },
  "5": {
    "precision": 0.0,
    "recall": 0.0,
    "f1-score": 0.0,
    "support": 1.0
  },
  "accuracy": 0.21944090534362587,
  "macro avg": {
    "precision": 0.18748982326167193,
    "recall": 0.18546107686949145,
    "f1-score": 0.15654247838535928,
    "support": 13343.0
  },
  "weighted avg": {
    "precision": 0.3195238054956702,
    "recall": 0.21944090534362587,
    "f1-score": 0.25306658187056164,
    "support": 13343.0
  }
}