{
  "0": {
    "precision": 0.315086782376502,
    "recall": 0.236,
    "f1-score": 0.2698684962835906,
    "support": 4000.0
  },
  "1": {
    "precision": 0.3160919540229885,
    "recall": 0.20625,
    "f1-score": 0.24962178517397882,
    "support": 4000.0
  },
  "2": {
    "precision": 0.12468592964824121,
    "recall": 0.32946058091286307,
    "f1-score": 0.18090681248575985,
    "support": 1205.0
  },
  "3": {
    "precision": 0.17462165308498254,
    "recall": 0.1125,
    "f1-score": 0.13684050478941767,
    "support": 4000.0
  },
  "4": {
    "precision": 0.0041025641025641026,
    "recall": 0.058394160583941604,
    "f1-score": 0.007666506947771922,
    "support": 137.0
  },
  "5": {
    "precision": 0.0,
    "recall": 0.0,
    "f1-score": 0.0,
    "support": 1.0
  },
  "accuracy": 0.19665742336805817,
  "macro avg": {
    "precision": 0.1557648138725464,
    "recall": 0.15710079024946746,
    "f1-score": 0.14081735094675316,
    "support": 13343.0
  },
  "weighted avg": {
    "precision": 0.25286743269475187,
    "recall": 0.19665742336805817,
    "f1-score": 0.21317291205014866,
    "support": 13343.0
  }
}