{
  "0": {
    "precision": 0.36085626911314983,
    "recall": 0.236,
    "f1-score": 0.28536880290205563,
    "support": 4000.0
  },
  "1": {
    "precision": 0.2577118313158922,
    "recall": 0.165,
    "f1-score": 0.2011888431641518,
    "support": 4000.0
  },
  "2": {
    "precision": 0.06164383561643835,
    "recall": 0.16431535269709543,
    "f1-score": 0.08965361104822278,
    "support": 1205.0
  },
  "3": {
    "precision": 0.30333591931730025,
    "recall": 0.1955,
    "f1-score": 0.23776223776223776,
    "support": 4000.0
  },
  "4": {
    "precision": 0.001271186440677966,
    "recall": 0.021897810218978103,
    "f1-score": 0.0024028834601521826,
    "support": 137.0
  },
  "5": {
    "precision": 0.0,
    "recall": 0.0,
    "f1-score": 0.0,
    "support": 1.0
  },
  "accuracy": 0.19388443378550552,
  "macro avg": {
    "precision": 0.16413650696724308,
    "recall": 0.13045219381934559,
    "f1-score": 0.13606272972280334,
    "support": 13343.0
  },
  "weighted avg": {
    "precision": 0.2819509145953346,
    "recall": 0.19388443378550552,
    "f1-score": 0.22525978652933598,
    "support": 13343.0
  }
}