{
    "0": {
        "precision": 0.9999143349798917,
        "recall": 0.9999537134947155,
        "f1-score": 0.9999340238496112,
        "support": 3910427.0
    },
    "1": {
        "precision": 0.9999828800569005,
        "recall": 0.999997665427787,
        "f1-score": 0.9999902726876914,
        "support": 1285032.0
    },
    "2": {
        "precision": 1.0,
        "recall": 1.0,
        "f1-score": 1.0,
        "support": 114.0
    },
    "3": {
        "precision": 0.9998093307990719,
        "recall": 0.9996019556923933,
        "f1-score": 0.9997056324914583,
        "support": 834078.0
    },
    "accuracy": 0.9999144229077271,
    "macro avg": {
        "precision": 0.9999266364589661,
        "recall": 0.999888333653724,
        "f1-score": 0.9999074822571902,
        "support": 6029651.0
    },
    "weighted avg": {
        "precision": 0.999914419679003,
        "recall": 0.9999144229077271,
        "f1-score": 0.999914419542654,
        "support": 6029651.0
    }
}