{
    "accuracy": 0.9999144229077271,
    "precision": 0.999914419679003,
    "recall": 0.9999144229077271,
    "f1_score": 0.999914419542654,
    "roc_auc": 0.9999946458520736
}