{
    "0": {
        "precision": 0.9999255850967662,
        "recall": 0.9999460416982595,
        "f1-score": 0.999935813292888,
        "support": 3910427.0
    },
    "1": {
        "precision": 0.9999743198655294,
        "recall": 0.9999797670565659,
        "f1-score": 0.9999770434536295,
        "support": 1285033.0
    },
    "2": {
        "precision": 1.0,
        "recall": 1.0,
        "f1-score": 1.0,
        "support": 114.0
    },
    "3": {
        "precision": 0.999786568440187,
        "recall": 0.999682283911097,
        "f1-score": 0.9997344234561041,
        "support": 834078.0
    },
    "accuracy": 0.9999167447806274,
    "macro avg": {
        "precision": 0.9999216183506205,
        "recall": 0.9999020231664806,
        "f1-score": 0.9999118200506554,
        "support": 6029652.0
    },
    "weighted avg": {
        "precision": 0.9999167427182211,
        "recall": 0.9999167447806274,
        "f1-score": 0.9999167433037988,
        "support": 6029652.0
    }
}