{
    "accuracy": 0.9999167447806274,
    "precision": 0.9999167427182211,
    "recall": 0.9999167447806274,
    "f1_score": 0.9999167433037988,
    "roc_auc": 0.9999958112667353
}