{
  "0": {
    "precision": 0.44913217623498,
    "recall": 0.40364770818334533,
    "f1-score": 0.4251769464105157,
    "support": 4167.0
  },
  "1": {
    "precision": 0.2833178005591799,
    "recall": 0.28733459357277885,
    "f1-score": 0.28531206006569687,
    "support": 3174.0
  },
  "2": {
    "precision": 0.02336448598130841,
    "recall": 0.03968253968253968,
    "f1-score": 0.029411764705882353,
    "support": 126.0
  },
  "3": {
    "precision": 0.22660098522167488,
    "recall": 0.24649629018961253,
    "f1-score": 0.23613030602171767,
    "support": 2426.0
  },
  "4": {
    "precision": 0.00546448087431694,
    "recall": 0.009345794392523364,
    "f1-score": 0.006896551724137931,
    "support": 107.0
  },
  "accuracy": 0.3198,
  "macro avg": {
    "precision": 0.19757598577429203,
    "recall": 0.19730138520415993,
    "f1-score": 0.19658552578559013,
    "support": 10000.0
  },
  "weighted avg": {
    "precision": 0.3324047092180978,
    "recall": 0.3198,
    "f1-score": 0.32545887501372517,
    "support": 10000.0
  }
}