{
  "0": {
    "precision": 0.4372739916550765,
    "recall": 0.37724982001439883,
    "f1-score": 0.4050502447822726,
    "support": 4167.0
  },
  "1": {
    "precision": 0.29404309252217997,
    "recall": 0.2923755513547574,
    "f1-score": 0.29320695102685623,
    "support": 3174.0
  },
  "2": {
    "precision": 0.0,
    "recall": 0.0,
    "f1-score": 0.0,
    "support": 126.0
  },
  "3": {
    "precision": 0.26129737609329445,
    "recall": 0.2955482275350371,
    "f1-score": 0.27736943907156675,
    "support": 2426.0
  },
  "4": {
    "precision": 0.0,
    "recall": 0.0,
    "f1-score": 0.0,
    "support": 107.0
  },
  "5": {
    "precision": 0.0,
    "recall": 0.0,
    "f1-score": 0.0,
    "support": 0.0
  },
  "accuracy": 0.3217,
  "macro avg": {
    "precision": 0.16543574337842515,
    "recall": 0.16086226648403223,
    "f1-score": 0.1626044391467826,
    "support": 10000.0
  },
  "weighted avg": {
    "precision": 0.3389320933294436,
    "recall": 0.3217,
    "f1-score": 0.32913814917545925,
    "support": 10000.0
  }
}