{
  "0": {
    "precision": 0.40351337178814894,
    "recall": 0.3693304535637149,
    "f1-score": 0.38566595664703673,
    "support": 4167.0
  },
  "1": {
    "precision": 0.3028391167192429,
    "recall": 0.30236220472440944,
    "f1-score": 0.30260047281323876,
    "support": 3175.0
  },
  "2": {
    "precision": 0.004629629629629629,
    "recall": 0.007936507936507936,
    "f1-score": 0.005847953216374269,
    "support": 126.0
  },
  "3": {
    "precision": 0.2032736962314427,
    "recall": 0.2202061855670103,
    "f1-score": 0.21140142517814728,
    "support": 2425.0
  },
  "4": {
    "precision": 0.0,
    "recall": 0.0,
    "f1-score": 0.0,
    "support": 107.0
  },
  "5": {
    "precision": 0.0,
    "recall": 0.0,
    "f1-score": 0.0,
    "support": 0.0
  },
  "accuracy": 0.3034,
  "macro avg": {
    "precision": 0.1523759690614107,
    "recall": 0.14997255863194045,
    "f1-score": 0.15091930130913286,
    "support": 10000.0
  },
  "weighted avg": {
    "precision": 0.31364764625193947,
    "recall": 0.3034,
    "f1-score": 0.30812118406925054,
    "support": 10000.0
  }
}