{
  "0": {
    "precision": 0.44195953141640043,
    "recall": 0.3984637542006721,
    "f1-score": 0.4190860893713709,
    "support": 4166.0
  },
  "1": {
    "precision": 0.31950989632422244,
    "recall": 0.32031496062992126,
    "f1-score": 0.3199119219880466,
    "support": 3175.0
  },
  "2": {
    "precision": 0.040229885057471264,
    "recall": 0.056,
    "f1-score": 0.046822742474916385,
    "support": 125.0
  },
  "3": {
    "precision": 0.23607038123167157,
    "recall": 0.2654575432811212,
    "f1-score": 0.24990298797050833,
    "support": 2426.0
  },
  "4": {
    "precision": 0.012578616352201259,
    "recall": 0.018518518518518517,
    "f1-score": 0.0149812734082397,
    "support": 108.0
  },
  "accuracy": 0.333,
  "macro avg": {
    "precision": 0.21006966207639338,
    "recall": 0.21175095532604665,
    "f1-score": 0.21014100304261638,
    "support": 10000.0
  },
  "weighted avg": {
    "precision": 0.3434741299776387,
    "recall": 0.333,
    "f1-score": 0.33753684697870867,
    "support": 10000.0
  }
}