{
  "0": {
    "precision": 0.4419496166484118,
    "recall": 0.3873290136789057,
    "f1-score": 0.41284051669011385,
    "support": 4167.0
  },
  "1": {
    "precision": 0.3110704483074108,
    "recall": 0.32125984251968503,
    "f1-score": 0.31608304927176945,
    "support": 3175.0
  },
  "2": {
    "precision": 0.03825136612021858,
    "recall": 0.05555555555555555,
    "f1-score": 0.045307443365695796,
    "support": 126.0
  },
  "3": {
    "precision": 0.24351005484460694,
    "recall": 0.27463917525773196,
    "f1-score": 0.25813953488372093,
    "support": 2425.0
  },
  "4": {
    "precision": 0.006622516556291391,
    "recall": 0.009345794392523364,
    "f1-score": 0.007751937984496124,
    "support": 107.0
  },
  "accuracy": 0.3308,
  "macro avg": {
    "precision": 0.2082808004953879,
    "recall": 0.2096258762808803,
    "f1-score": 0.20802449643915924,
    "support": 10000.0
  },
  "weighted avg": {
    "precision": 0.34252928903508034,
    "recall": 0.3308,
    "f1-score": 0.33563966818070146,
    "support": 10000.0
  }
}