{
  "0": {
    "precision": 0.4620269912675311,
    "recall": 0.4190064794816415,
    "f1-score": 0.43946639818776745,
    "support": 4167.0
  },
  "1": {
    "precision": 0.3303684879288437,
    "recall": 0.32755905511811023,
    "f1-score": 0.32895777320891983,
    "support": 3175.0
  },
  "2": {
    "precision": 0.04712041884816754,
    "recall": 0.072,
    "f1-score": 0.056962025316455694,
    "support": 125.0
  },
  "3": {
    "precision": 0.22065901517956313,
    "recall": 0.24567188788128608,
    "f1-score": 0.2324946362395163,
    "support": 2426.0
  },
  "4": {
    "precision": 0.0,
    "recall": 0.0,
    "f1-score": 0.0,
    "support": 107.0
  },
  "5": {
    "precision": 0.0,
    "recall": 0.0,
    "f1-score": 0.0,
    "support": 0.0
  },
  "accuracy": 0.3391,
  "macro avg": {
    "precision": 0.17669581887068422,
    "recall": 0.17737290374683964,
    "f1-score": 0.17631347215877655,
    "support": 10000.0
  },
  "weighted avg": {
    "precision": 0.3515395244967522,
    "recall": 0.3391,
    "f1-score": 0.3446849651868371,
    "support": 10000.0
  }
}