{
  "0": {
    "precision": 0.4369988545246277,
    "recall": 0.3662107031437485,
    "f1-score": 0.39848544196370284,
    "support": 4167.0
  },
  "1": {
    "precision": 0.31855701620299604,
    "recall": 0.32818897637795275,
    "f1-score": 0.3233012721067329,
    "support": 3175.0
  },
  "2": {
    "precision": 0.0,
    "recall": 0.0,
    "f1-score": 0.0,
    "support": 126.0
  },
  "3": {
    "precision": 0.22587340020754065,
    "recall": 0.2692783505154639,
    "f1-score": 0.24567343867569602,
    "support": 2425.0
  },
  "4": {
    "precision": 0.005714285714285714,
    "recall": 0.009345794392523364,
    "f1-score": 0.0070921985815602835,
    "support": 107.0
  },
  "5": {
    "precision": 0.0,
    "recall": 0.0,
    "f1-score": 0.0,
    "support": 0.0
  },
  "accuracy": 0.3222,
  "macro avg": {
    "precision": 0.16452392610824168,
    "recall": 0.16217063740494808,
    "f1-score": 0.16242539188794866,
    "support": 10000.0
  },
  "weighted avg": {
    "precision": 0.33807471773233505,
    "recall": 0.3222,
    "f1-score": 0.3283487329638416,
    "support": 10000.0
  }
}