{
  "0": {
    "precision": 0.4672692413037524,
    "recall": 0.40950552088334136,
    "f1-score": 0.4364845848791096,
    "support": 4166.0
  },
  "1": {
    "precision": 0.341478895588702,
    "recall": 0.3388976377952756,
    "f1-score": 0.3401833702181473,
    "support": 3175.0
  },
  "2": {
    "precision": 0.0163265306122449,
    "recall": 0.031746031746031744,
    "f1-score": 0.0215633423180593,
    "support": 126.0
  },
  "3": {
    "precision": 0.2495452891960713,
    "recall": 0.2827699917559769,
    "f1-score": 0.26512077294685993,
    "support": 2426.0
  },
  "4": {
    "precision": 0.004901960784313725,
    "recall": 0.009345794392523364,
    "f1-score": 0.006430868167202572,
    "support": 107.0
  },
  "accuracy": 0.3473,
  "macro avg": {
    "precision": 0.21590438349701685,
    "recall": 0.21445299531462977,
    "f1-score": 0.21395658770587572,
    "support": 10000.0
  },
  "weighted avg": {
    "precision": 0.3638817677016295,
    "recall": 0.3473,
    "f1-score": 0.35450650602440364,
    "support": 10000.0
  }
}