{
  "0": {
    "precision": 0.4333979507061756,
    "recall": 0.3756601056168987,
    "f1-score": 0.4024688183104025,
    "support": 4166.0
  },
  "1": {
    "precision": 0.33433936955063714,
    "recall": 0.31401574803149607,
    "f1-score": 0.3238590222510963,
    "support": 3175.0
  },
  "2": {
    "precision": 0.03139013452914798,
    "recall": 0.056,
    "f1-score": 0.040229885057471264,
    "support": 125.0
  },
  "3": {
    "precision": 0.24195710455764075,
    "recall": 0.29760923330585326,
    "f1-score": 0.266913123844732,
    "support": 2426.0
  },
  "4": {
    "precision": 0.005,
    "recall": 0.009259259259259259,
    "f1-score": 0.006493506493506494,
    "support": 108.0
  },
  "accuracy": 0.3292,
  "macro avg": {
    "precision": 0.20921691186872024,
    "recall": 0.21050886924270146,
    "f1-score": 0.2079928711914417,
    "support": 10000.0
  },
  "weighted avg": {
    "precision": 0.34585150634381806,
    "recall": 0.3292,
    "f1-score": 0.335819876550917,
    "support": 10000.0
  }
}