{
    "0": {
        "precision": 0.9999509039804598,
        "recall": 0.9999468128631045,
        "f1-score": 0.9999488584175976,
        "support": 244420.0
    },
    "1": {
        "precision": 0.999975044296374,
        "recall": 1.0,
        "f1-score": 0.9999875219924882,
        "support": 80140.0
    },
    "2": {
        "precision": 1.0,
        "recall": 1.0,
        "f1-score": 1.0,
        "support": 7.0
    },
    "3": {
        "precision": 0.9997896186359637,
        "recall": 0.9997704974467841,
        "f1-score": 0.9997800579499488,
        "support": 52287.0
    },
    "accuracy": 0.9999336613118077,
    "macro avg": {
        "precision": 0.9999288917281993,
        "recall": 0.9999293275774721,
        "f1-score": 0.9999291095900086,
        "support": 376854.0
    },
    "weighted avg": {
        "precision": 0.9999336607557144,
        "recall": 0.9999336613118077,
        "f1-score": 0.9999336609852522,
        "support": 376854.0
    }
}