{
    "accuracy": 0.9998668685826496,
    "precision": 0.9998668985934593,
    "recall": 0.9998668685826496,
    "f1_score": 0.9998668686081302,
    "roc_auc": 0.999999921781823
}