{
    "classification_report": {
        "0": {
            "precision": 0.9998749968749219,
            "recall": 0.99985,
            "f1-score": 0.9998624982812285,
            "support": 40000.0
        },
        "1": {
            "precision": 1.0,
            "recall": 1.0,
            "f1-score": 1.0,
            "support": 40000.0
        },
        "2": {
            "precision": 1.0,
            "recall": 1.0,
            "f1-score": 1.0,
            "support": 115.0
        },
        "3": {
            "precision": 0.9998500037499063,
            "recall": 0.999875,
            "f1-score": 0.9998625017187285,
            "support": 40000.0
        },
        "accuracy": 0.9999084210964493,
        "macro avg": {
            "precision": 0.999931250156207,
            "recall": 0.9999312499999999,
            "f1-score": 0.9999312499999893,
            "support": 120115.0
        },
        "weighted avg": {
            "precision": 0.9999084213045258,
            "recall": 0.9999084210964493,
            "f1-score": 0.999908421096435,
            "support": 120115.0
        }
    },
    "metrics": {
        "accuracy": 0.9999084210964493,
        "precision_macro": 0.999931250156207,
        "recall_macro": 0.9999312499999999,
        "f1_macro": 0.9999312499999893,
        "precision_weighted": 0.9999084213045258,
        "recall_weighted": 0.9999084210964493,
        "f1_weighted": 0.999908421096435,
        "roc_auc_ovr_macro": 0.9999999870888723,
        "roc_auc_ovo_macro": 0.9999999913802083
    }
}