{
    "0": {
        "precision": 0.99990691908302,
        "recall": 0.9999450187920654,
        "f1-score": 0.9999259685746189,
        "support": 3910427.0
    },
    "1": {
        "precision": 0.9999719852424482,
        "recall": 0.9999758760871325,
        "f1-score": 0.9999739306610056,
        "support": 1285032.0
    },
    "2": {
        "precision": 1.0,
        "recall": 1.0,
        "f1-score": 1.0,
        "support": 114.0
    },
    "3": {
        "precision": 0.9997853521424015,
        "recall": 0.9996007567637559,
        "f1-score": 0.9996930459315996,
        "support": 834078.0
    },
    "accuracy": 0.9999039745418101,
    "macro avg": {
        "precision": 0.9999160641169674,
        "recall": 0.9998804129107384,
        "f1-score": 0.9998982362918061,
        "support": 6029651.0
    },
    "weighted avg": {
        "precision": 0.9999039713829805,
        "recall": 0.9999039745418101,
        "f1-score": 0.9999039715474496,
        "support": 6029651.0
    }
}