{
    "accuracy": 0.9999039745418101,
    "precision": 0.9999039713829805,
    "recall": 0.9999039745418101,
    "f1_score": 0.9999039715474496,
    "roc_auc": 0.9999952260852373
}