{
    "accuracy": 0.9998502271554809,
    "precision": 0.9998502679987141,
    "recall": 0.9998502271554809,
    "f1_score": 0.9998502271882682,
    "roc_auc": 0.9999999149374853
}