{
    "0": {
        "precision": 0.9999204708941373,
        "recall": 0.9999437401593227,
        "f1-score": 0.9999321053913561,
        "support": 3910427.0
    },
    "1": {
        "precision": 0.9999774328198392,
        "recall": 0.999992996283361,
        "f1-score": 0.9999852144910438,
        "support": 1285032.0
    },
    "2": {
        "precision": 1.0,
        "recall": 1.0,
        "f1-score": 1.0,
        "support": 114.0
    },
    "3": {
        "precision": 0.9997709744258773,
        "recall": 0.9996379239856177,
        "f1-score": 0.9997044447788341,
        "support": 834079.0
    },
    "accuracy": 0.9999119352161617,
    "macro avg": {
        "precision": 0.9999172195349634,
        "recall": 0.9998936651070753,
        "f1-score": 0.9999054411653086,
        "support": 6029652.0
    },
    "weighted avg": {
        "precision": 0.9999119322751385,
        "recall": 0.9999119352161617,
        "f1-score": 0.9999119330325771,
        "support": 6029652.0
    }
}