{
    "accuracy": 0.9999119352161617,
    "precision": 0.9999119322751385,
    "recall": 0.9999119352161617,
    "f1_score": 0.9999119330325771,
    "roc_auc": 0.9999960563716751
}