{
    "accuracy": 0.9998003028739745,
    "precision": 0.9998003162410931,
    "recall": 0.9998003028739745,
    "f1_score": 0.9998003029004542,
    "roc_auc": 0.9999999255075089
}