{
    "accuracy": 0.9998169443011433,
    "precision": 0.9998169450011684,
    "recall": 0.9998169443011433,
    "f1_score": 0.9998169417376727,
    "roc_auc": 0.9999981739927746
}